{"stats":{"minecraft:mined":{"minecraft:birch_log":1,"minecraft:birch_leaves":2,"minecraft:oak_leaves":1},"minecraft:custom":{"minecraft:jump":30,"minecraft:time_since_rest":2446,"minecraft:crouch_one_cm":54,"minecraft:leave_game":1,"minecraft:sprint_one_cm":4179,"minecraft:play_time":2446,"minecraft:time_since_death":2446,"minecraft:walk_one_cm":3612,"minecraft:sneak_time":13,"minecraft:total_world_time":2446,"minecraft:fall_one_cm":1579,"minecraft:fly_one_cm":4480},"minecraft:picked_up":{"minecraft:birch_log":1}},"DataVersion":3465}